10451,2768,353.6,bronx,Age 18-64
10452,3059,208.9,bronx,Age 18-64
10453,3111,214.0,bronx,Age 18-64
10454,2481,383.7,bronx,Age 18-64
10455,2625,375.6,bronx,Age 18-64
10456,4650,321.7,bronx,Age 18-64
10457,5202,382.8,bronx,Age 18-64
10458,3277,217.3,bronx,Age 18-64
10459,2084,260.5,bronx,Age 18-64
10460,2797,277.9,bronx,Age 18-64
10461,981,104.5,bronx,Age 18-64
10462,1940,132.6,bronx,Age 18-64
10463,1046,84.4,bronx,Age 18-64
10464,78,86.8,bronx,Age 18-64
10465,761,88.8,bronx,Age 18-64
10466,1394,102.3,bronx,Age 18-64
10467,2597,151.7,bronx,Age 18-64
10468,2012,140.3,bronx,Age 18-64
10469,1222,98.7,bronx,Age 18-64
10470,239,80.7,bronx,Age 18-64
10471,121,29.3,bronx,Age 18-64
10472,2190,180.5,bronx,Age 18-64
10473,2189,203.2,bronx,Age 18-64
10474,529,87.2,bronx,Age 18-64
10475,635,91.1,bronx,Age 18-64
11004,71,86.9,queen,Age 0-17
11005,0,0.0,queen,Age 0-17
11101,428,233.5,queen,Age 0-17
11102,406,164.2,queen,Age 0-17
11103,193,80.9,queen,Age 0-17
11104,121,74.1,queen,Age 0-17
11105,194,88.9,queen,Age 0-17
11106,433,170.0,queen,Age 0-17
11354,321,105.4,queen,Age 0-17
11355,421,84.2,queen,Age 0-17
11356,186,122.6,queen,Age 0-17
11357,120,56.8,queen,Age 0-17
11358,194,86.7,queen,Age 0-17
11360,32,35.2,queen,Age 0-17
11361,106,64.1,queen,Age 0-17
11362,50,55.0,queen,Age 0-17
11363,14,37.5,queen,Age 0-17
11364,89,47.5,queen,Age 0-17
11365,292,108.3,queen,Age 0-17
11366,77,95.3,queen,Age 0-17
11367,342,120.5,queen,Age 0-17
11368,1536,202.3,queen,Age 0-17
11369,537,192.1,queen,Age 0-17
11370,269,129.2,queen,Age 0-17
11372,825,189.8,queen,Age 0-17
11373,1213,191.4,queen,Age 0-17
11374,185,88.1,queen,Age 0-17
11375,259,76.0,queen,Age 0-17
11377,867,166.6,queen,Age 0-17
11378,183,86.2,queen,Age 0-17
11379,145,78.7,queen,Age 0-17
11411,250,188.9,queen,Age 0-17
11412,687,262.4,queen,Age 0-17
11413,676,255.9,queen,Age 0-17
11414,126,85.6,queen,Age 0-17
11415,174,127.6,queen,Age 0-17
11416,419,225.5,queen,Age 0-17
11417,364,163.6,queen,Age 0-17
11418,658,245.9,queen,Age 0-17
11419,698,186.4,queen,Age 0-17
11420,706,195.1,queen,Age 0-17
11421,507,180.8,queen,Age 0-17
11422,379,167.9,queen,Age 0-17
11423,399,186.5,queen,Age 0-17
11426,124,104.3,queen,Age 0-17
11427,204,128.7,queen,Age 0-17
11428,210,135.6,queen,Age 0-17
11429,345,171.7,queen,Age 0-17
11430,14,46666.7,queen,Age 0-17
11432,1069,285.5,queen,Age 0-17
11433,990,400.9,queen,Age 0-17
11434,1277,285.8,queen,Age 0-17
11435,1049,273.3,queen,Age 0-17
11436,389,258.7,queen,Age 0-17
11691,1508,298.1,queen,Age 0-17
11692,759,501.3,queen,Age 0-17
11693,254,251.4,queen,Age 0-17
11694,115,93.2,queen,Age 0-17
10001,36,37.1,new_y,Age 65+
10002,327,76.6,new_y,Age 65+
10003,132,78.8,new_y,Age 65+
10004,0,0.0,new_y,Age 65+
10005,0,0.0,new_y,Age 65+
10006,0,0.0,new_y,Age 65+
10009,186,77.9,new_y,Age 65+
10010,25,17.0,new_y,Age 65+
10011,47,24.6,new_y,Age 65+
10012,16,18.2,new_y,Age 65+
10014,31,25.1,new_y,Age 65+
10016,86,42.2,new_y,Age 65+
10019,59,32.8,new_y,Age 65+
10021,31,13.0,new_y,Age 65+
10022,21,9.5,new_y,Age 65+
10023,75,23.0,new_y,Age 65+
10024,62,24.4,new_y,Age 65+
10025,321,76.7,new_y,Age 65+
10026,99,98.5,new_y,Age 65+
10027,191,99.9,new_y,Age 65+
10028,27,13.5,new_y,Age 65+
10029,550,188.8,new_y,Age 65+
10030,158,188.0,new_y,Age 65+
10031,195,102.0,new_y,Age 65+
10032,131,61.8,new_y,Age 65+
10033,136,69.7,new_y,Age 65+
10034,96,78.2,new_y,Age 65+
10035,264,233.4,new_y,Age 65+
10036,48,59.6,new_y,Age 65+
10037,129,124.5,new_y,Age 65+
10038,41,37.9,new_y,Age 65+
10039,119,131.0,new_y,Age 65+
10040,100,60.5,new_y,Age 65+
10044,15,23.0,new_y,Age 65+
10075,11,9.2,new_y,Age 65+
10128,55,22.8,new_y,Age 65+
10280,12,70.7,new_y,Age 65+
11004,35,110.5,queen,Age 5-11
11005,0,0.0,queen,Age 5-11
11101,193,266.6,queen,Age 5-11
11102,157,156.2,queen,Age 5-11
11103,69,71.3,queen,Age 5-11
11104,58,85.5,queen,Age 5-11
11105,70,80.7,queen,Age 5-11
11106,183,177.3,queen,Age 5-11
11109,0,0.0,queen,Age 5-11
11354,133,110.4,queen,Age 5-11
11355,181,92.1,queen,Age 5-11
11356,69,116.5,queen,Age 5-11
11357,52,63.5,queen,Age 5-11
11358,80,90.6,queen,Age 5-11
11360,14,40.2,queen,Age 5-11
11361,32,50.2,queen,Age 5-11
11362,15,44.8,queen,Age 5-11
11364,42,59.6,queen,Age 5-11
11365,129,122.8,queen,Age 5-11
11366,29,95.1,queen,Age 5-11
11367,158,142.4,queen,Age 5-11
11368,628,210.7,queen,Age 5-11
11369,201,189.1,queen,Age 5-11
11370,99,118.9,queen,Age 5-11
11371,0,0.0,queen,Age 5-11
11372,361,208.8,queen,Age 5-11
11373,491,192.2,queen,Age 5-11
11374,80,97.7,queen,Age 5-11
11375,103,76.0,queen,Age 5-11
11377,370,176.7,queen,Age 5-11
11378,70,83.6,queen,Age 5-11
11379,52,72.2,queen,Age 5-11
11411,107,214.9,queen,Age 5-11
11412,228,228.3,queen,Age 5-11
11413,251,251.9,queen,Age 5-11
11414,40,70.7,queen,Age 5-11
11415,55,102.2,queen,Age 5-11
11416,157,217.8,queen,Age 5-11
11417,128,146.3,queen,Age 5-11
11418,264,253.5,queen,Age 5-11
11419,278,193.6,queen,Age 5-11
11420,317,227.9,queen,Age 5-11
11421,190,175.0,queen,Age 5-11
11422,131,155.3,queen,Age 5-11
11423,163,197.1,queen,Age 5-11
11426,57,122.9,queen,Age 5-11
11427,74,121.8,queen,Age 5-11
11428,96,164.1,queen,Age 5-11
11429,135,181.1,queen,Age 5-11
11432,434,301.6,queen,Age 5-11
11433,367,403.2,queen,Age 5-11
11434,482,285.8,queen,Age 5-11
11435,341,228.0,queen,Age 5-11
11436,140,251.4,queen,Age 5-11
11691,627,331.7,queen,Age 5-11
11692,278,472.1,queen,Age 5-11
11693,100,254.1,queen,Age 5-11
11694,43,90.5,queen,Age 5-11
11201,1033,90.9,kings,Age 18-64
11203,2254,138.9,kings,Age 18-64
11204,305,21.6,kings,Age 18-64
11205,1161,152.5,kings,Age 18-64
11206,3803,270.9,kings,Age 18-64
11207,4224,248.1,kings,Age 18-64
11208,3147,182.1,kings,Age 18-64
11209,437,31.5,kings,Age 18-64
11210,910,69.9,kings,Age 18-64
11211,1316,75.4,kings,Age 18-64
11212,4841,309.6,kings,Age 18-64
11213,2395,200.9,kings,Age 18-64
11214,481,29.7,kings,Age 18-64
11215,708,49.7,kings,Age 18-64
11216,2261,210.5,kings,Age 18-64
11217,724,97.2,kings,Age 18-64
11218,559,39.0,kings,Age 18-64
11219,336,22.7,kings,Age 18-64
11220,1427,75.1,kings,Age 18-64
11221,4061,274.0,kings,Age 18-64
11222,229,26.3,kings,Age 18-64
11223,697,50.3,kings,Age 18-64
11224,1087,128.8,kings,Age 18-64
11225,1667,142.3,kings,Age 18-64
11226,2897,144.8,kings,Age 18-64
11228,181,24.3,kings,Age 18-64
11229,566,37.8,kings,Age 18-64
11230,507,33.1,kings,Age 18-64
11231,687,96.7,kings,Age 18-64
11232,406,70.8,kings,Age 18-64
11233,3117,260.7,kings,Age 18-64
11234,1093,63.7,kings,Age 18-64
11235,596,39.2,kings,Age 18-64
11236,2378,125.7,kings,Age 18-64
11237,1617,170.0,kings,Age 18-64
11238,1343,121.5,kings,Age 18-64
11239,268,102.2,kings,Age 18-64
11385,1221,63.1,kings,Age 18-64
11004,11,39.2,queen,Age 12-17
11005,0,0.0,queen,Age 12-17
11101,98,175.2,queen,Age 12-17
11102,104,139.7,queen,Age 12-17
11103,45,62.7,queen,Age 12-17
11104,11,22.8,queen,Age 12-17
11105,48,70.3,queen,Age 12-17
11106,94,123.2,queen,Age 12-17
11109,0,0.0,queen,Age 12-17
11354,48,49.1,queen,Age 12-17
11355,82,51.0,queen,Age 12-17
11356,36,75.0,queen,Age 12-17
11357,20,29.1,queen,Age 12-17
11358,27,37.8,queen,Age 12-17
11361,23,41.0,queen,Age 12-17
11362,12,36.4,queen,Age 12-17
11364,11,16.5,queen,Age 12-17
11365,63,71.5,queen,Age 12-17
11366,15,55.2,queen,Age 12-17
11367,56,64.5,queen,Age 12-17
11368,194,87.3,queen,Age 12-17
11369,91,101.9,queen,Age 12-17
11370,47,74.4,queen,Age 12-17
11372,127,96.4,queen,Age 12-17
11373,134,70.6,queen,Age 12-17
11374,25,35.9,queen,Age 12-17
11375,40,36.4,queen,Age 12-17
11377,92,58.0,queen,Age 12-17
11378,20,30.0,queen,Age 12-17
11379,21,34.5,queen,Age 12-17
11411,54,118.9,queen,Age 12-17
11412,120,137.1,queen,Age 12-17
11413,139,153.7,queen,Age 12-17
11414,11,22.3,queen,Age 12-17
11415,23,56.4,queen,Age 12-17
11416,66,115.0,queen,Age 12-17
11417,69,99.2,queen,Age 12-17
11418,116,138.1,queen,Age 12-17
11419,86,71.9,queen,Age 12-17
11420,102,88.3,queen,Age 12-17
11421,97,110.0,queen,Age 12-17
11422,89,115.0,queen,Age 12-17
11423,56,81.5,queen,Age 12-17
11426,20,51.8,queen,Age 12-17
11427,29,55.7,queen,Age 12-17
11428,36,71.1,queen,Age 12-17
11429,60,88.9,queen,Age 12-17
11432,108,91.3,queen,Age 12-17
11433,181,215.1,queen,Age 12-17
11434,170,114.6,queen,Age 12-17
11435,186,156.4,queen,Age 12-17
11436,63,121.9,queen,Age 12-17
11691,246,155.7,queen,Age 12-17
11692,165,340.8,queen,Age 12-17
11693,65,192.8,queen,Age 12-17
11694,27,65.5,queen,Age 12-17
10001,48,311.3,new_y,Age 12-17
10002,176,129.8,new_y,Age 12-17
10003,44,127.3,new_y,Age 12-17
10009,233,305.9,new_y,Age 12-17
10010,27,109.2,new_y,Age 12-17
10011,46,139.6,new_y,Age 12-17
10016,29,88.5,new_y,Age 12-17
10019,22,77.1,new_y,Age 12-17
10021,15,30.8,new_y,Age 12-17
10023,33,46.5,new_y,Age 12-17
10024,28,35.2,new_y,Age 12-17
10025,192,147.2,new_y,Age 12-17
10026,314,425.0,new_y,Age 12-17
10027,451,427.1,new_y,Age 12-17
10028,21,36.6,new_y,Age 12-17
10029,699,394.3,new_y,Age 12-17
10030,372,607.8,new_y,Age 12-17
10031,209,174.3,new_y,Age 12-17
10032,235,182.1,new_y,Age 12-17
10033,148,129.2,new_y,Age 12-17
10034,102,115.7,new_y,Age 12-17
10035,283,380.7,new_y,Age 12-17
10036,15,102.0,new_y,Age 12-17
10037,136,401.5,new_y,Age 12-17
10038,33,163.4,new_y,Age 12-17
10039,186,336.2,new_y,Age 12-17
10040,89,94.1,new_y,Age 12-17
10044,12,71.2,new_y,Age 12-17
10065,0,0.0,new_y,Age 12-17
10128,62,76.0,new_y,Age 12-17
10301,1803,139.6,richm,Total
10302,892,158.3,richm,Total
10303,1388,174.7,richm,Total
10304,1847,143.7,richm,Total
10305,847,64.9,richm,Total
10306,737,42.2,richm,Total
10307,156,36.3,richm,Total
10308,252,27.7,richm,Total
10309,326,32.5,richm,Total
10310,1221,171.5,richm,Total
10312,532,27.2,richm,Total
10314,1189,43.5,richm,Total
10301,1086,129.4,richm,Age 18-64
10302,556,156.5,richm,Age 18-64
10303,832,171.0,richm,Age 18-64
10304,1105,137.8,richm,Age 18-64
10305,561,66.8,richm,Age 18-64
10306,425,38.7,richm,Age 18-64
10307,101,37.0,richm,Age 18-64
10308,153,26.2,richm,Age 18-64
10309,231,34.7,richm,Age 18-64
10310,687,154.2,richm,Age 18-64
10312,331,25.4,richm,Age 18-64
10314,736,41.8,richm,Age 18-64
10451,449,338.2,bronx,Age 12-17
10452,419,183.5,bronx,Age 12-17
10453,379,152.0,bronx,Age 12-17
10454,427,366.3,bronx,Age 12-17
10455,432,350.7,bronx,Age 12-17
10456,630,246.4,bronx,Age 12-17
10457,502,231.7,bronx,Age 12-17
10458,444,203.3,bronx,Age 12-17
10459,282,199.2,bronx,Age 12-17
10460,354,212.2,bronx,Age 12-17
10461,108,109.5,bronx,Age 12-17
10462,275,138.1,bronx,Age 12-17
10463,133,90.4,bronx,Age 12-17
10465,110,107.5,bronx,Age 12-17
10466,170,85.2,bronx,Age 12-17
10467,383,157.6,bronx,Age 12-17
10468,214,102.4,bronx,Age 12-17
10469,166,100.4,bronx,Age 12-17
10470,30,88.3,bronx,Age 12-17
10471,15,37.3,bronx,Age 12-17
10472,398,214.9,bronx,Age 12-17
10473,282,166.2,bronx,Age 12-17
10474,66,111.9,bronx,Age 12-17
10475,56,68.0,bronx,Age 12-17
11004,157,38.9,queen,Total
11101,1383,167.6,queen,Total
11102,1172,101.3,queen,Total
11103,512,38.7,queen,Total
11104,367,40.6,queen,Total
11105,582,45.9,queen,Total
11106,990,74.6,queen,Total
11354,691,41.4,queen,Total
11355,902,35.0,queen,Total
11356,390,58.1,queen,Total
11357,288,24.4,queen,Total
11358,385,33.0,queen,Total
11360,115,19.4,queen,Total
11361,265,29.7,queen,Total
11362,106,19.1,queen,Total
11363,38,17.1,queen,Total
11364,204,19.2,queen,Total
11365,754,60.0,queen,Total
11366,180,42.4,queen,Total
11367,765,63.2,queen,Total
11368,2770,91.4,queen,Total
11369,1015,86.1,queen,Total
11370,586,62.6,queen,Total
11372,1285,60.1,queen,Total
11373,1803,59.3,queen,Total
11374,463,34.6,queen,Total
11375,612,28.0,queen,Total
11377,1545,58.4,queen,Total
11378,442,42.4,queen,Total
11379,306,28.8,queen,Total
11411,577,88.6,queen,Total
11412,1568,137.6,queen,Total
11413,1562,129.8,queen,Total
11414,312,36.5,queen,Total
11415,353,54.2,queen,Total
11416,827,117.0,queen,Total
11417,773,84.9,queen,Total
11418,1580,143.4,queen,Total
11419,1572,102.5,queen,Total
11420,1357,91.7,queen,Total
11421,1106,93.5,queen,Total
11422,1021,107.8,queen,Total
11423,848,90.7,queen,Total
11426,268,48.0,queen,Total
11427,528,70.6,queen,Total
11428,456,68.9,queen,Total
11429,827,97.2,queen,Total
11430,34,28333.3,queen,Total
11432,2102,121.5,queen,Total
11433,2045,222.5,queen,Total
11434,3092,166.1,queen,Total
11435,2008,124.6,queen,Total
11436,871,149.4,queen,Total
11691,3143,178.4,queen,Total
11692,1527,286.8,queen,Total
11693,547,145.1,queen,Total
11694,375,62.8,queen,Total
11697,13,9.5,queen,Total
10001,785,116.6,new_y,Total
10002,3028,110.7,new_y,Total
10003,787,48.1,new_y,Total
10004,28,34.9,new_y,Total
10005,32,22.7,new_y,Total
10006,32,32.8,new_y,Total
10007,81,38.4,new_y,Total
10009,2910,164.4,new_y,Total
10010,312,33.5,new_y,Total
10011,540,38.4,new_y,Total
10012,187,24.6,new_y,Total
10013,161,19.6,new_y,Total
10014,168,16.7,new_y,Total
10016,1330,81.3,new_y,Total
10017,149,30.7,new_y,Total
10018,90,59.9,new_y,Total
10019,688,55.8,new_y,Total
10020,22,4074.1,new_y,Total
10021,375,28.0,new_y,Total
10022,189,19.0,new_y,Total
10023,748,35.6,new_y,Total
10024,660,36.9,new_y,Total
10025,3107,105.4,new_y,Total
10026,3408,321.1,new_y,Total
10027,4963,266.0,new_y,Total
10028,351,25.7,new_y,Total
10029,9066,364.0,new_y,Total
10030,3690,449.2,new_y,Total
10031,2980,161.1,new_y,Total
10032,2582,127.5,new_y,Total
10033,1768,98.9,new_y,Total
10034,1504,115.4,new_y,Total
10035,3919,364.1,new_y,Total
10036,576,84.0,new_y,Total
10037,2351,420.1,new_y,Total
10038,750,116.2,new_y,Total
10039,2889,400.4,new_y,Total
10040,1401,99.5,new_y,Total
10044,155,43.1,new_y,Total
10065,99,11.9,new_y,Total
10075,117,15.1,new_y,Total
10128,663,34.9,new_y,Total
10280,43,16.1,new_y,Total
10001,53,284.0,new_y,Age 0-4
10002,497,300.6,new_y,Age 0-4
10003,50,129.2,new_y,Age 0-4
10007,19,144.6,new_y,Age 0-4
10009,394,444.1,new_y,Age 0-4
10010,51,165.5,new_y,Age 0-4
10011,65,158.0,new_y,Age 0-4
10013,33,82.4,new_y,Age 0-4
10014,17,67.4,new_y,Age 0-4
10016,103,218.7,new_y,Age 0-4
10017,15,117.1,new_y,Age 0-4
10019,99,254.6,new_y,Age 0-4
10021,64,99.5,new_y,Age 0-4
10022,45,137.7,new_y,Age 0-4
10023,81,91.4,new_y,Age 0-4
10024,115,121.8,new_y,Age 0-4
10025,418,273.4,new_y,Age 0-4
10026,409,403.5,new_y,Age 0-4
10027,739,537.5,new_y,Age 0-4
10028,51,75.3,new_y,Age 0-4
10029,1402,612.6,new_y,Age 0-4
10030,373,472.8,new_y,Age 0-4
10031,472,302.9,new_y,Age 0-4
10032,459,269.7,new_y,Age 0-4
10033,357,245.5,new_y,Age 0-4
10034,283,243.9,new_y,Age 0-4
10035,523,535.3,new_y,Age 0-4
10036,31,141.9,new_y,Age 0-4
10037,241,600.4,new_y,Age 0-4
10038,94,382.6,new_y,Age 0-4
10039,459,648.0,new_y,Age 0-4
10040,268,211.3,new_y,Age 0-4
10044,37,176.7,new_y,Age 0-4
10065,37,96.3,new_y,Age 0-4
10075,16,47.7,new_y,Age 0-4
10128,85,87.1,new_y,Age 0-4
10301,268,243.4,richm,Age 5-11
10302,128,229.5,richm,Age 5-11
10303,194,208.7,richm,Age 5-11
10304,323,255.1,richm,Age 5-11
10305,95,85.0,richm,Age 5-11
10306,111,75.7,richm,Age 5-11
10307,28,63.4,richm,Age 5-11
10308,19,23.5,richm,Age 5-11
10309,36,40.0,richm,Age 5-11
10310,209,291.1,richm,Age 5-11
10312,64,39.6,richm,Age 5-11
10314,153,68.6,richm,Age 5-11
10451,963,648.0,bronx,Age 5-11
10452,1202,417.1,bronx,Age 5-11
10453,1063,359.1,bronx,Age 5-11
10454,899,659.2,bronx,Age 5-11
10455,1026,750.8,bronx,Age 5-11
10456,1755,593.2,bronx,Age 5-11
10457,1384,491.0,bronx,Age 5-11
10458,918,331.8,bronx,Age 5-11
10459,682,418.4,bronx,Age 5-11
10460,879,410.7,bronx,Age 5-11
10461,309,266.9,bronx,Age 5-11
10462,689,293.8,bronx,Age 5-11
10463,267,150.2,bronx,Age 5-11
10465,233,207.9,bronx,Age 5-11
10466,485,219.8,bronx,Age 5-11
10467,874,292.9,bronx,Age 5-11
10468,718,269.0,bronx,Age 5-11
10469,404,222.4,bronx,Age 5-11
10470,34,81.7,bronx,Age 5-11
10471,33,80.4,bronx,Age 5-11
10472,839,378.4,bronx,Age 5-11
10473,611,334.4,bronx,Age 5-11
10474,167,352.5,bronx,Age 5-11
10475,121,143.4,bronx,Age 5-11
11201,269,407.0,kings,Age 0-4
11203,630,382.7,kings,Age 0-4
11204,97,55.3,kings,Age 0-4
11205,348,404.2,kings,Age 0-4
11206,1419,628.2,kings,Age 0-4
11207,1461,569.1,kings,Age 0-4
11208,1159,463.1,kings,Age 0-4
11209,77,66.8,kings,Age 0-4
11210,305,176.0,kings,Age 0-4
11211,431,146.0,kings,Age 0-4
11212,1542,654.7,kings,Age 0-4
11213,703,438.8,kings,Age 0-4
11214,94,65.0,kings,Age 0-4
11215,116,106.2,kings,Age 0-4
11216,541,408.5,kings,Age 0-4
11217,180,331.9,kings,Age 0-4
11218,176,94.5,kings,Age 0-4
11219,143,49.0,kings,Age 0-4
11220,311,132.6,kings,Age 0-4
11221,1251,554.1,kings,Age 0-4
11222,54,87.9,kings,Age 0-4
11223,134,87.3,kings,Age 0-4
11224,231,244.5,kings,Age 0-4
11225,431,318.3,kings,Age 0-4
11226,957,388.0,kings,Age 0-4
11228,37,53.6,kings,Age 0-4
11229,99,71.2,kings,Age 0-4
11230,119,53.4,kings,Age 0-4
11231,209,344.5,kings,Age 0-4
11232,129,185.2,kings,Age 0-4
11233,942,525.7,kings,Age 0-4
11234,242,142.5,kings,Age 0-4
11235,110,95.7,kings,Age 0-4
11236,731,339.6,kings,Age 0-4
11237,577,374.1,kings,Age 0-4
11238,303,321.6,kings,Age 0-4
11239,110,488.2,kings,Age 0-4
11251,0,0.0,kings,Age 0-4
11385,497,230.5,kings,Age 0-4
11201,90,117.1,kings,Age 12-17
11203,276,148.7,kings,Age 12-17
11204,34,18.4,kings,Age 12-17
11205,105,117.6,kings,Age 12-17
11206,470,217.2,kings,Age 12-17
11207,539,199.9,kings,Age 12-17
11208,450,166.1,kings,Age 12-17
11209,62,48.4,kings,Age 12-17
11210,122,66.8,kings,Age 12-17
11211,150,59.4,kings,Age 12-17
11212,571,211.6,kings,Age 12-17
11213,259,143.2,kings,Age 12-17
11214,44,28.1,kings,Age 12-17
11215,79,62.5,kings,Age 12-17
11216,237,163.9,kings,Age 12-17
11217,67,117.7,kings,Age 12-17
11218,56,30.7,kings,Age 12-17
11219,46,19.8,kings,Age 12-17
11220,155,68.0,kings,Age 12-17
11221,382,170.3,kings,Age 12-17
11222,29,42.2,kings,Age 12-17
11223,77,46.8,kings,Age 12-17
11224,136,118.0,kings,Age 12-17
11225,197,134.5,kings,Age 12-17
11226,363,140.8,kings,Age 12-17
11228,25,32.5,kings,Age 12-17
11229,48,29.3,kings,Age 12-17
11230,60,27.9,kings,Age 12-17
11231,71,99.1,kings,Age 12-17
11232,53,81.0,kings,Age 12-17
11233,445,234.5,kings,Age 12-17
11234,133,66.9,kings,Age 12-17
11235,49,37.5,kings,Age 12-17
11236,294,117.3,kings,Age 12-17
11237,265,198.0,kings,Age 12-17
11238,148,139.1,kings,Age 12-17
11239,29,96.2,kings,Age 12-17
11251,0,0.0,kings,Age 12-17
11385,204,90.2,kings,Age 12-17
11201,122,58.5,kings,Age 65+
11203,256,80.0,kings,Age 65+
11204,35,10.3,kings,Age 65+
11205,56,50.5,kings,Age 65+
11206,550,247.5,kings,Age 65+
11207,227,88.2,kings,Age 65+
11208,226,94.5,kings,Age 65+
11209,47,13.1,kings,Age 65+
11210,120,53.7,kings,Age 65+
11211,198,84.1,kings,Age 65+
11212,307,123.1,kings,Age 65+
11213,217,106.6,kings,Age 65+
11214,60,12.4,kings,Age 65+
11215,63,33.1,kings,Age 65+
11216,189,103.5,kings,Age 65+
11217,76,70.4,kings,Age 65+
11218,70,26.6,kings,Age 65+
11219,50,16.3,kings,Age 65+
11220,258,87.4,kings,Age 65+
11221,295,127.9,kings,Age 65+
11222,39,24.0,kings,Age 65+
11223,115,30.6,kings,Age 65+
11224,98,32.7,kings,Age 65+
11225,135,65.3,kings,Age 65+
11226,329,113.5,kings,Age 65+
11228,30,13.3,kings,Age 65+
11229,47,10.9,kings,Age 65+
11230,66,17.0,kings,Age 65+
11231,75,68.1,kings,Age 65+
11232,75,112.3,kings,Age 65+
11233,192,94.9,kings,Age 65+
11234,72,18.6,kings,Age 65+
11235,97,17.0,kings,Age 65+
11236,242,75.3,kings,Age 65+
11237,173,173.7,kings,Age 65+
11238,225,125.0,kings,Age 65+
11239,66,71.9,kings,Age 65+
11251,0,0.0,kings,Age 65+
11385,103,30.0,kings,Age 65+
11201,172,176.0,kings,Age 5-11
11203,617,281.3,kings,Age 5-11
11204,80,37.2,kings,Age 5-11
11205,232,206.9,kings,Age 5-11
11206,1165,439.6,kings,Age 5-11
11207,1368,418.0,kings,Age 5-11
11208,1149,357.3,kings,Age 5-11
11209,95,58.1,kings,Age 5-11
11210,280,128.2,kings,Age 5-11
11211,340,108.9,kings,Age 5-11
11212,1471,478.7,kings,Age 5-11
11213,726,356.8,kings,Age 5-11
11214,101,50.5,kings,Age 5-11
11215,135,85.2,kings,Age 5-11
11216,542,307.3,kings,Age 5-11
11217,149,208.7,kings,Age 5-11
11218,162,70.6,kings,Age 5-11
11219,145,50.9,kings,Age 5-11
11220,283,92.2,kings,Age 5-11
11221,1053,373.3,kings,Age 5-11
11222,65,76.5,kings,Age 5-11
11223,144,71.4,kings,Age 5-11
11224,258,197.2,kings,Age 5-11
11225,384,214.3,kings,Age 5-11
11226,896,282.6,kings,Age 5-11
11228,45,45.6,kings,Age 5-11
11229,96,50.4,kings,Age 5-11
11230,120,45.3,kings,Age 5-11
11231,186,210.6,kings,Age 5-11
11232,88,100.4,kings,Age 5-11
11233,903,394.7,kings,Age 5-11
11234,272,117.5,kings,Age 5-11
11235,111,70.6,kings,Age 5-11
11236,760,260.1,kings,Age 5-11
11237,540,295.9,kings,Age 5-11
11238,275,207.5,kings,Age 5-11
11239,88,287.0,kings,Age 5-11
11251,0,0.0,kings,Age 5-11
11385,466,166.1,kings,Age 5-11
10301,256,339.3,richm,Age 0-4
10302,120,305.1,richm,Age 0-4
10303,218,350.9,richm,Age 0-4
10304,230,265.3,richm,Age 0-4
10305,109,144.9,richm,Age 0-4
10306,86,91.0,richm,Age 0-4
10307,13,43.5,richm,Age 0-4
10308,40,76.3,richm,Age 0-4
10309,22,36.0,richm,Age 0-4
10310,189,401.0,richm,Age 0-4
10312,51,46.6,richm,Age 0-4
10314,180,119.1,richm,Age 0-4
10451,5554,422.8,bronx,Total
10452,6330,267.9,bronx,Total
10453,6001,252.8,bronx,Total
10454,5029,457.7,bronx,Total
10455,5352,459.5,bronx,Total
10456,9448,389.2,bronx,Total
10457,9049,402.6,bronx,Total
10458,5903,247.5,bronx,Total
10459,4002,297.0,bronx,Total
10460,5395,321.7,bronx,Total
10461,1757,118.2,bronx,Total
10462,3733,160.5,bronx,Total
10463,1845,89.6,bronx,Total
10464,109,76.8,bronx,Total
10465,1331,96.2,bronx,Total
10466,2520,115.0,bronx,Total
10467,4846,174.7,bronx,Total
10468,3919,168.2,bronx,Total
10469,2337,114.3,bronx,Total
10470,379,80.8,bronx,Total
10471,236,35.0,bronx,Total
10472,4574,232.0,bronx,Total
10473,3874,219.5,bronx,Total
10474,1044,134.1,bronx,Total
10475,1060,92.4,bronx,Total
10301,664,234.0,richm,Age 0-17
10302,309,213.5,richm,Age 0-17
10303,515,217.0,richm,Age 0-17
10304,706,213.6,richm,Age 0-17
10305,262,91.9,richm,Age 0-17
10306,266,71.5,richm,Age 0-17
10307,53,46.0,richm,Age 0-17
10308,78,37.8,richm,Age 0-17
10309,85,35.6,richm,Age 0-17
10310,491,265.9,richm,Age 0-17
10312,171,40.3,richm,Age 0-17
10314,414,70.8,richm,Age 0-17
10001,157,276.3,new_y,Age 0-17
10002,1082,221.7,new_y,Age 0-17
10003,151,120.5,new_y,Age 0-17
10005,13,208.3,new_y,Age 0-17
10006,13,130.5,new_y,Age 0-17
10007,23,56.8,new_y,Age 0-17
10009,991,364.2,new_y,Age 0-17
10010,105,115.3,new_y,Age 0-17
10011,187,148.6,new_y,Age 0-17
10012,24,33.1,new_y,Age 0-17
10013,54,42.9,new_y,Age 0-17
10014,57,70.2,new_y,Age 0-17
10016,229,168.5,new_y,Age 0-17
10017,26,66.1,new_y,Age 0-17
10018,18,136.7,new_y,Age 0-17
10019,197,170.3,new_y,Age 0-17
10021,131,66.0,new_y,Age 0-17
10022,71,70.4,new_y,Age 0-17
10023,196,71.3,new_y,Age 0-17
10024,249,85.0,new_y,Age 0-17
10025,1104,237.2,new_y,Age 0-17
10026,1315,463.6,new_y,Age 0-17
10027,2030,519.2,new_y,Age 0-17
10028,112,53.4,new_y,Age 0-17
10029,3670,565.2,new_y,Age 0-17
10030,1290,565.1,new_y,Age 0-17
10031,1129,253.3,new_y,Age 0-17
10032,1168,241.8,new_y,Age 0-17
10033,876,210.3,new_y,Age 0-17
10034,642,195.1,new_y,Age 0-17
10035,1309,474.2,new_y,Age 0-17
10036,81,133.9,new_y,Age 0-17
10037,663,561.5,new_y,Age 0-17
10038,200,270.8,new_y,Age 0-17
10039,1144,561.6,new_y,Age 0-17
10040,660,184.5,new_y,Age 0-17
10044,67,110.2,new_y,Age 0-17
10065,45,38.2,new_y,Age 0-17
10075,41,39.7,new_y,Age 0-17
10128,284,95.5,new_y,Age 0-17
10280,14,26.0,new_y,Age 0-17
11004,14,19.0,queen,Age 65+
11101,60,77.2,queen,Age 65+
11102,53,45.2,queen,Age 65+
11103,44,30.1,queen,Age 65+
11104,28,24.4,queen,Age 65+
11105,66,36.5,queen,Age 65+
11106,65,37.7,queen,Age 65+
11109,0,0.0,queen,Age 65+
11354,60,20.1,queen,Age 65+
11355,113,32.6,queen,Age 65+
11356,26,30.6,queen,Age 65+
11357,42,16.8,queen,Age 65+
11358,21,12.4,queen,Age 65+
11360,13,8.8,queen,Age 65+
11361,19,13.6,queen,Age 65+
11364,15,7.8,queen,Age 65+
11365,49,24.9,queen,Age 65+
11367,40,23.5,queen,Age 65+
11368,132,54.8,queen,Age 65+
11369,44,31.4,queen,Age 65+
11370,30,26.2,queen,Age 65+
11371,0,0.0,queen,Age 65+
11372,81,30.9,queen,Age 65+
11373,96,30.7,queen,Age 65+
11374,47,18.9,queen,Age 65+
11375,62,14.2,queen,Age 65+
11377,93,28.7,queen,Age 65+
11378,31,18.8,queen,Age 65+
11379,32,15.8,queen,Age 65+
11411,31,33.5,queen,Age 65+
11412,93,58.4,queen,Age 65+
11413,77,50.6,queen,Age 65+
11414,28,15.0,queen,Age 65+
11415,13,15.7,queen,Age 65+
11416,31,45.4,queen,Age 65+
11417,42,41.5,queen,Age 65+
11418,74,67.7,queen,Age 65+
11419,73,54.9,queen,Age 65+
11420,52,33.4,queen,Age 65+
11421,48,36.2,queen,Age 65+
11422,50,51.9,queen,Age 65+
11423,46,38.1,queen,Age 65+
11427,58,50.2,queen,Age 65+
11428,19,27.8,queen,Age 65+
11429,41,39.0,queen,Age 65+
11432,94,42.8,queen,Age 65+
11433,83,76.6,queen,Age 65+
11434,160,62.8,queen,Age 65+
11435,103,59.2,queen,Age 65+
11436,47,68.8,queen,Age 65+
11691,111,48.0,queen,Age 65+
11692,29,42.0,queen,Age 65+
11694,16,13.6,queen,Age 65+
11697,0,0.0,queen,Age 65+
10451,231,158.2,bronx,Age 65+
10452,244,164.3,bronx,Age 65+
10453,209,138.9,bronx,Age 65+
10454,201,206.3,bronx,Age 65+
10455,214,210.6,bronx,Age 65+
10456,392,190.4,bronx,Age 65+
10457,342,206.6,bronx,Age 65+
10458,250,149.6,bronx,Age 65+
10459,170,142.2,bronx,Age 65+
10460,303,225.9,bronx,Age 65+
10461,105,41.3,bronx,Age 65+
10462,149,56.5,bronx,Age 65+
10463,125,34.0,bronx,Age 65+
10465,51,21.5,bronx,Age 65+
10466,95,38.3,bronx,Age 65+
10467,196,65.8,bronx,Age 65+
10468,179,84.0,bronx,Age 65+
10469,114,34.4,bronx,Age 65+
10470,29,42.4,bronx,Age 65+
10471,28,18.1,bronx,Age 65+
10472,227,127.9,bronx,Age 65+
10473,158,76.8,bronx,Age 65+
10474,40,149.0,bronx,Age 65+
10475,88,39.1,bronx,Age 65+
10301,53,31.5,richm,Age 65+
10302,27,42.5,richm,Age 65+
10303,41,58.2,richm,Age 65+
10304,36,23.5,richm,Age 65+
10305,24,13.2,richm,Age 65+
10306,46,16.6,richm,Age 65+
10308,21,17.6,richm,Age 65+
10310,43,52.6,richm,Age 65+
10312,30,13.1,richm,Age 65+
10314,39,10.0,richm,Age 65+
11201,1686,106.3,kings,Total
11203,4033,160.6,kings,Total
11204,551,23.7,kings,Total
11205,1902,164.0,kings,Total
11206,7407,317.4,kings,Total
11207,7819,277.9,kings,Total
11208,6131,218.2,kings,Total
11209,718,33.4,kings,Total
11210,1737,82.7,kings,Total
11211,2435,85.8,kings,Total
11212,8732,332.6,kings,Total
11213,4300,221.6,kings,Total
11214,780,29.9,kings,Total
11215,1101,54.8,kings,Total
11216,3770,220.4,kings,Total
11217,1196,115.5,kings,Total
11218,1023,44.6,kings,Total
11219,720,27.8,kings,Total
11220,2434,82.1,kings,Total
11221,7042,288.0,kings,Total
11222,416,33.4,kings,Total
11223,1167,51.2,kings,Total
11224,1810,122.0,kings,Total
11225,2814,153.0,kings,Total
11226,5442,174.9,kings,Total
11228,318,26.2,kings,Total
11229,856,35.4,kings,Total
11230,872,33.3,kings,Total
11231,1228,117.9,kings,Total
11232,751,87.0,kings,Total
11233,5599,280.5,kings,Total
11234,1812,67.0,kings,Total
11235,963,38.7,kings,Total
11236,4405,148.2,kings,Total
11237,3172,208.5,kings,Total
11238,2294,141.7,kings,Total
11239,561,128.2,kings,Total
11385,2491,83.0,kings,Total
11004,72,29.0,queen,Age 18-64
11101,895,158.7,queen,Age 18-64
11102,713,90.0,queen,Age 18-64
11103,275,29.3,queen,Age 18-64
11104,218,34.9,queen,Age 18-64
11105,322,37.1,queen,Age 18-64
11106,492,54.7,queen,Age 18-64
11354,310,29.1,queen,Age 18-64
11355,368,21.3,queen,Age 18-64
11356,178,41.0,queen,Age 18-64
11357,126,17.5,queen,Age 18-64
11358,170,22.0,queen,Age 18-64
11360,70,19.8,queen,Age 18-64
11361,140,23.8,queen,Age 18-64
11362,48,13.9,queen,Age 18-64
11363,17,11.5,queen,Age 18-64
11364,100,14.6,queen,Age 18-64
11365,413,52.2,queen,Age 18-64
11366,95,35.0,queen,Age 18-64
11367,383,50.6,queen,Age 18-64
11368,1102,54.3,queen,Age 18-64
11369,434,57.2,queen,Age 18-64
11370,287,46.7,queen,Age 18-64
11372,379,26.3,queen,Age 18-64
11373,494,23.6,queen,Age 18-64
11374,231,26.2,queen,Age 18-64
11375,291,20.7,queen,Age 18-64
11377,585,32.5,queen,Age 18-64
11378,228,34.2,queen,Age 18-64
11379,129,19.1,queen,Age 18-64
11411,296,69.4,queen,Age 18-64
11412,788,109.6,queen,Age 18-64
11413,809,102.7,queen,Age 18-64
11414,158,30.3,queen,Age 18-64
11415,166,38.5,queen,Age 18-64
11416,377,83.3,queen,Age 18-64
11417,367,62.5,queen,Age 18-64
11418,848,117.0,queen,Age 18-64
11419,801,78.0,queen,Age 18-64
11420,599,62.2,queen,Age 18-64
11421,551,71.6,queen,Age 18-64
11422,592,94.8,queen,Age 18-64
11423,403,67.1,queen,Age 18-64
11426,134,37.7,queen,Age 18-64
11427,266,56.2,queen,Age 18-64
11428,227,51.7,queen,Age 18-64
11429,441,81.0,queen,Age 18-64
11430,17,28333.3,queen,Age 18-64
11432,939,82.7,queen,Age 18-64
11433,972,172.4,queen,Age 18-64
11434,1655,142.6,queen,Age 18-64
11435,856,81.3,queen,Age 18-64
11436,435,119.4,queen,Age 18-64
11691,1524,148.7,queen,Age 18-64
11692,739,236.9,queen,Age 18-64
11693,285,123.0,queen,Age 18-64
11694,244,68.5,queen,Age 18-64
11201,531,220.6,kings,Age 0-17
11203,1523,267.4,kings,Age 0-17
11204,211,36.7,kings,Age 0-17
11205,685,238.3,kings,Age 0-17
11206,3054,431.8,kings,Age 0-17
11207,3368,394.6,kings,Age 0-17
11208,2758,327.3,kings,Age 0-17
11209,234,57.5,kings,Age 0-17
11210,707,123.1,kings,Age 0-17
11211,921,107.1,kings,Age 0-17
11212,3584,441.0,kings,Age 0-17
11213,1688,310.0,kings,Age 0-17
11214,239,47.7,kings,Age 0-17
11215,330,83.7,kings,Age 0-17
11216,1320,291.1,kings,Age 0-17
11217,396,216.9,kings,Age 0-17
11218,394,65.9,kings,Age 0-17
11219,334,41.3,kings,Age 0-17
11220,749,97.4,kings,Age 0-17
11221,2686,366.9,kings,Age 0-17
11222,148,68.8,kings,Age 0-17
11223,355,68.3,kings,Age 0-17
11224,625,183.5,kings,Age 0-17
11225,1012,219.5,kings,Age 0-17
11226,2216,269.7,kings,Age 0-17
11228,107,43.7,kings,Age 0-17
11229,243,49.2,kings,Age 0-17
11230,299,42.5,kings,Age 0-17
11231,466,211.2,kings,Age 0-17
11232,270,121.2,kings,Age 0-17
11233,2290,383.1,kings,Age 0-17
11234,647,107.8,kings,Age 0-17
11235,270,67.0,kings,Age 0-17
11236,1785,235.4,kings,Age 0-17
11237,1382,293.7,kings,Age 0-17
11238,726,217.9,kings,Age 0-17
11239,227,272.3,kings,Age 0-17
11251,0,0.0,kings,Age 0-17
11385,1167,161.6,kings,Age 0-17
10001,592,114.0,new_y,Age 18-64
10002,1619,88.9,new_y,Age 18-64
10003,504,37.5,new_y,Age 18-64
10004,20,31.0,new_y,Age 18-64
10005,19,14.4,new_y,Age 18-64
10006,19,22.5,new_y,Age 18-64
10007,51,32.8,new_y,Age 18-64
10009,1733,137.6,new_y,Age 18-64
10010,182,26.2,new_y,Age 18-64
10011,306,28.1,new_y,Age 18-64
10012,147,24.5,new_y,Age 18-64
10013,97,17.0,new_y,Age 18-64
10014,80,10.0,new_y,Age 18-64
10016,1015,78.2,new_y,Age 18-64
10017,118,31.0,new_y,Age 18-64
10018,71,56.4,new_y,Age 18-64
10019,432,46.1,new_y,Age 18-64
10020,14,3111.1,new_y,Age 18-64
10021,213,23.6,new_y,Age 18-64
10022,97,14.5,new_y,Age 18-64
10023,477,31.8,new_y,Age 18-64
10024,349,28.1,new_y,Age 18-64
10025,1682,81.5,new_y,Age 18-64
10026,1994,294.5,new_y,Age 18-64
10027,2742,213.6,new_y,Age 18-64
10028,212,22.1,new_y,Age 18-64
10029,4846,312.6,new_y,Age 18-64
10030,2242,440.4,new_y,Age 18-64
10031,1656,136.6,new_y,Age 18-64
10032,1283,96.5,new_y,Age 18-64
10033,756,64.3,new_y,Age 18-64
10034,766,90.0,new_y,Age 18-64
10035,2346,341.4,new_y,Age 18-64
10036,447,82.0,new_y,Age 18-64
10037,1559,461.2,new_y,Age 18-64
10038,509,109.9,new_y,Age 18-64
10039,1626,380.8,new_y,Age 18-64
10040,641,72.4,new_y,Age 18-64
10044,73,31.3,new_y,Age 18-64
10065,50,8.9,new_y,Age 18-64
10075,65,11.8,new_y,Age 18-64
10128,324,23.8,new_y,Age 18-64
10280,17,8.7,new_y,Age 18-64
11004,25,113.7,queen,Age 0-4
11005,0,0.0,queen,Age 0-4
11101,137,249.3,queen,Age 0-4
11102,145,200.6,queen,Age 0-4
11103,79,113.0,queen,Age 0-4
11104,52,110.3,queen,Age 0-4
11105,76,120.3,queen,Age 0-4
11106,156,207.6,queen,Age 0-4
11354,140,162.0,queen,Age 0-4
11355,158,111.0,queen,Age 0-4
11356,81,182.1,queen,Age 0-4
11357,48,79.1,queen,Age 0-4
11358,87,136.0,queen,Age 0-4
11360,12,47.5,queen,Age 0-4
11361,51,112.3,queen,Age 0-4
11362,23,93.8,queen,Age 0-4
11364,36,71.3,queen,Age 0-4
11365,100,130.9,queen,Age 0-4
11366,33,142.9,queen,Age 0-4
11367,128,148.8,queen,Age 0-4
11368,714,299.0,queen,Age 0-4
11369,245,292.0,queen,Age 0-4
11370,123,199.5,queen,Age 0-4
11371,0,0.0,queen,Age 0-4
11372,337,259.0,queen,Age 0-4
11373,588,312.3,queen,Age 0-4
11374,80,137.0,queen,Age 0-4
11375,116,121.5,queen,Age 0-4
11377,405,265.7,queen,Age 0-4
11378,93,150.0,queen,Age 0-4
11379,72,140.4,queen,Age 0-4
11411,89,239.6,queen,Age 0-4
11412,339,455.3,queen,Age 0-4
11413,286,385.8,queen,Age 0-4
11414,75,181.2,queen,Age 0-4
11415,96,229.6,queen,Age 0-4
11416,196,347.9,queen,Age 0-4
11417,167,255.1,queen,Age 0-4
11418,278,349.8,queen,Age 0-4
11419,334,300.1,queen,Age 0-4
11420,287,267.7,queen,Age 0-4
11421,220,262.9,queen,Age 0-4
11422,159,248.5,queen,Age 0-4
11423,180,287.9,queen,Age 0-4
11426,47,138.4,queen,Age 0-4
11427,101,220.9,queen,Age 0-4
11428,78,170.6,queen,Age 0-4
11429,150,254.6,queen,Age 0-4
11432,527,470.1,queen,Age 0-4
11433,442,615.9,queen,Age 0-4
11434,625,481.4,queen,Age 0-4
11435,522,452.4,queen,Age 0-4
11436,186,433.0,queen,Age 0-4
11691,635,399.7,queen,Age 0-4
11692,316,716.6,queen,Age 0-4
11693,89,318.3,queen,Age 0-4
11694,45,130.0,queen,Age 0-4
11697,0,0.0,queen,Age 0-4
10001,56,246.3,new_y,Age 5-11
10002,409,218.7,new_y,Age 5-11
10003,57,109.6,new_y,Age 5-11
10009,364,339.3,new_y,Age 5-11
10010,27,75.9,new_y,Age 5-11
10011,76,146.7,new_y,Age 5-11
10012,12,41.7,new_y,Age 5-11
10013,19,39.1,new_y,Age 5-11
10014,33,97.7,new_y,Age 5-11
10016,97,173.0,new_y,Age 5-11
10019,76,157.3,new_y,Age 5-11
10021,52,60.8,new_y,Age 5-11
10022,17,38.6,new_y,Age 5-11
10023,82,71.0,new_y,Age 5-11
10024,106,89.2,new_y,Age 5-11
10025,494,271.4,new_y,Age 5-11
10026,592,546.2,new_y,Age 5-11
10027,840,567.8,new_y,Age 5-11
10028,40,47.4,new_y,Age 5-11
10029,1569,645.1,new_y,Age 5-11
10030,545,618.1,new_y,Age 5-11
10031,448,263.5,new_y,Age 5-11
10032,474,257.9,new_y,Age 5-11
10033,371,236.9,new_y,Age 5-11
10034,257,205.8,new_y,Age 5-11
10035,503,483.6,new_y,Age 5-11
10036,35,146.0,new_y,Age 5-11
10037,286,649.0,new_y,Age 5-11
10038,73,250.9,new_y,Age 5-11
10039,499,643.5,new_y,Age 5-11
10040,303,222.4,new_y,Age 5-11
10044,18,78.3,new_y,Age 5-11
10075,21,49.3,new_y,Age 5-11
10128,137,116.0,new_y,Age 5-11
10451,2555,663.9,bronx,Age 0-17
10452,3027,403.8,bronx,Age 0-17
10453,2681,348.4,bronx,Age 0-17
10454,2347,661.5,bronx,Age 0-17
10455,2513,689.9,bronx,Age 0-17
10456,4406,567.6,bronx,Age 0-17
10457,3505,484.5,bronx,Age 0-17
10458,2376,334.6,bronx,Age 0-17
10459,1748,408.8,bronx,Age 0-17
10460,2295,428.0,bronx,Age 0-17
10461,671,228.7,bronx,Age 0-17
10462,1644,274.0,bronx,Age 0-17
10463,674,148.8,bronx,Age 0-17
10464,23,83.3,bronx,Age 0-17
10465,519,179.4,bronx,Age 0-17
10466,1031,178.0,bronx,Age 0-17
10467,2053,269.1,bronx,Age 0-17
10468,1728,253.0,bronx,Age 0-17
10469,1001,210.4,bronx,Age 0-17
10470,111,106.3,bronx,Age 0-17
10471,87,80.9,bronx,Age 0-17
10472,2157,371.2,bronx,Age 0-17
10473,1527,316.9,bronx,Age 0-17
10474,475,328.4,bronx,Age 0-17
10475,337,150.0,bronx,Age 0-17
10451,1143,1104.7,bronx,Age 0-4
10452,1406,603.3,bronx,Age 0-4
10453,1239,552.7,bronx,Age 0-4
10454,1021,1002.5,bronx,Age 0-4
10455,1055,1010.8,bronx,Age 0-4
10456,2021,899.5,bronx,Age 0-4
10457,1619,719.9,bronx,Age 0-4
10458,1014,471.7,bronx,Age 0-4
10459,784,637.4,bronx,Age 0-4
10460,1062,683.9,bronx,Age 0-4
10461,254,321.2,bronx,Age 0-4
10462,680,408.9,bronx,Age 0-4
10463,274,213.9,bronx,Age 0-4
10464,15,215.5,bronx,Age 0-4
10465,176,235.3,bronx,Age 0-4
10466,376,236.3,bronx,Age 0-4
10467,796,359.3,bronx,Age 0-4
10468,796,384.4,bronx,Age 0-4
10469,431,335.0,bronx,Age 0-4
10470,47,162.9,bronx,Age 0-4
10471,39,148.2,bronx,Age 0-4
10472,920,527.9,bronx,Age 0-4
10473,634,489.4,bronx,Age 0-4
10474,242,631.2,bronx,Age 0-4
10475,160,276.2,bronx,Age 0-4
10301,140,142.5,richm,Age 12-17
10302,61,122.8,richm,Age 12-17
10303,103,125.2,richm,Age 12-17
10304,153,130.6,richm,Age 12-17
10305,58,59.2,richm,Age 12-17
10306,69,52.7,richm,Age 12-17
10307,12,29.2,richm,Age 12-17
10308,19,26.0,richm,Age 12-17
10309,27,30.8,richm,Age 12-17
10310,93,141.5,richm,Age 12-17
10312,56,36.7,richm,Age 12-17
10314,81,38.4,richm,Age 12-17
